{
    "id": "TestContactForm",
    "redirectDocument": "3",
    "jqueryValidation":true,
    "placeholderJavascript":"JsonFormBuilder_myForm",

    "emailToAddress": "your@address.com",
    "emailFromAddress": "from@nowhere.com",
    "emailFromName": "Test User",
    "emailSubject": "JsonFormBuilder Contact Form Submission",
    "emailHeadHtml": "<p>This is a response from the contact us form:</p>",
    
    "elements": [
        {"element":"text", "id":"name_full", "label":"Name", "extraClasses":["half"], "rules":["required"] },
        {"element":"text", "id":"email_address", "label":"Email Address", "extraClasses":["half"], "rules":["required","email"] },
        {"element":"textArea", "id":"notes", "label":"Comments", "rows":5, "columns":30, "rules":["required"]},
        {"element":"button", "id":"submit", "label":"Submit From", "type":"Submit"}
    ]
}