{
    
    "id": "TestContactForm",
    "redirectDocument": "3",
    "emailToAddress": "marcus@datawebnet.com.au",
    "emailFromAddress": "from@nowhere.com",
    "emailFromName": "Test User",
    "emailSubject": "JsonFormBuilder Contact Form Submission",
    "emailHeadHtml": "<p>This is a response from the contact us form:</p>",
    
    "elements": [
        {"element":"text", "id":"name_full", "label":"Full Name", "defaultVal":"Your Name Here"},
        {"element":"text", "id":"age", "label":"Age"},
        {"element":"date", "id":"date_of_birth", "label":"Date of Birth", "dateFormat":"yyyy/mm/dd", "yearStart":2000, "yearEnd":2010},
        {"element":"text", "id":"username", "label":"Username"},
        {"element":"password", "id":"user_pass", "label":"Password"},
        {"element":"password", "id":"user_pass2", "label":"Confirm Password"},
        {"element":"text", "id":"address", "label":"Address"},
        {"element":"text", "id":"city", "label":"City"},
        {"element":"text", "id":"state", "label":"State"},
        {"element":"text", "id":"postcode", "label":"Post Code"},
        {"element":"text", "id":"company", "label":"Post Code"},
        {"element":"text", "id":"company_phone", "label":"Post Code"},
        {"element":"text", "id":"email_address", "label":"Email Address"},
        {"element":"checkboxGroup", "id":"food_most_like", "label":"Select your preferred two or three foods", "values":[
            {"title":"Cheese","checked":false},
            {"title":"Grapes","checked":false},
            {"title":"Salad","checked":false},
            {"title":"Bread","checked":false},
            {"title":"Chocolate","checked":true}
        ]},
        {"element":"file", "id":"resume", "label":"Resume (PDF, DOC or DOCX)","maxFilesize":204800,"allowedExtensions":["pdf","doc","docx"]},
        {"element":"file", "id":"application", "label":"Application"},
        {"element":"matrix", "id":"checkMatrix", "label":"What foods do your children like?", "type":"check",
            "rows":     ["Child 1","Child 2","Child 3","Child 4"],
            "columns":  ["Fish","Beef","Chicken","Salad"]
        },
        {"element":"matrix", "id":"radioMatrix", "label":"How do you feel about us?", "type":"radio",
            "rows":     ["Service Quality","Overall Hygiene","Responsiveness","Kindness and Helpfulness"],
            "columns":  ["Very Satisfied","Satisfied","Somewhat Satisfied","Not Satisfied"]
        },
        {"element":"matrix", "id":"textMatrix", "label":"List your favorite websites", "type":"text",
            "rows":     ["Website #1","Website #2","Website #3","Website #4", "Website #5"],
            "columns":  ["Site Name","URL","Speed","Design"]
        },
        {"element":"select", "id":"employees", "label":"Number of Employees", "defaultVal":"11 to 20", "values":{
            "10":"Less than 10",
            "11 to 20":"11 to 20",
            "50":"21 to 50",
            "100":"51 to 100",
            "100+":"More than 10"
        }},
        {"element":"select", "id":"ussuate", "label":"Select a state","values":{
            "":"Please select...",
            "AL":"Alabama",
            "AK":"Alaska",
            "AZ":"Arizona",
            "AR":"Arkansas",
            "CA":"California",
            "CO":"Colorado",  
            "CT":"Connecticut"
        }},
        {"element":"radioGroup", "id":"staff_performance", "label":"How would you rate staff performance?", "defaultVal":"opt4", "values":{
            "opt1":"Poor",
            "opt2":"Needs Improvement",
            "opt3":"Average",
            "opt4":"Good",
            "opt5":"Excellent"
        }},
        {"element":"checkbox", "id":"agree_terms", "label":"I agree to the terms & conditions","value":"Agree","uncheckedValue":"Disagree","checked":false},
        {"element":"checkbox", "id":"agree_newsletter", "label":"Sign me up for some spam","value":"Wants Spam","uncheckedValue":"Does <strong>NOT</strong> want spam","checked":true},
        {"element":"textArea", "id":"notes", "label":"Additional Comments", "rows":5,"columns":30, "defaultVal":"Here is an example of default multiline text.\n\n--- JsonFormBuilder ---"},
        {"element":"button", "id":"submit", "label":"Submit", "type":"Submit"}
    ]
    
}